{
    "Holes": [
        {
            "area": [
                [47.053183, 2.413813],
                [47.052786, 2.413362],
                [47.051097, 2.417122],
                [47.051446, 2.417350]
            ],
            "name": 1,
            "aim": [47.051353, 2.416996]
        }
    ]
}